{"QLEUFh79EgjzlcycWcUaeg==":"mbr-1.jpg","Rll8qbVAmYXr06qEIQcpFA==":"mbr-1.jpeg","cZg3JprDr1tEo2anSuKbhw==":"mbr-2.jpg","7n4ksF6glNqD3/vLrHRHtA==":"my%20avatar-400x225.png","wQuQaSDKdQzuCcPw3HdFhQ==":"my%20avatar-400x225.png","J5mgtNKGLgRVjCZOm27crw==":"contour%20line.svg","iWbjGq2iHhBr2mJmQktsvw==":"background1.jpg","7ZNbcaZHoA351zMsoqooXg==":"background1-1.jpg","JssGH/W2SHkpoPOQ8BdTSg==":"mbr-372x271.png","muquFgz7odws/b/C6E1E6w==":"koops%20minecraft-1036x583.png","fzSY6V+YVWGHcQkhmuBipg==":"koops%20minecraft-1036x583.png","ehhTnO37KFbbBLXaMzgbyw==":"koops%20minecraft-1036x583.png","I3F5XW8GZfrW5tEelxKO4g==":"contour-line%20(1)-804x429.jpg","XAju29mC1+zPjGcypqHuaw==":"contour-line-svg%20(3)-1244x484.jpg","mobzWmZzghUcFBnjtKZ6lA==":"contour-line-svg%20(5)-1244x484.jpg","b37V5tAz1IlNGGiZFTP/bQ==":"portfolio-image%20(3)-804x450.jpg"}